No.,正誤,分野名,大分類,中分類,出典,学習日
1,○,テクノロジ系,技術要素,セキュリティ,"=HYPERLINK(""https://www.ap-siken.com/kakomon/03_aki/q44.html"",""令和3年秋期 問44"")",2024/9/5
2,×,テクノロジ系,技術要素,セキュリティ,"=HYPERLINK(""https://www.ap-siken.com/kakomon/03_aki/q38.html"",""令和3年秋期 問38"")",2024/9/5
3,×,テクノロジ系,技術要素,セキュリティ,"=HYPERLINK(""https://www.ap-siken.com/kakomon/24_haru/q41.html"",""平成24年春期 問41"")",2024/9/5
4,○,テクノロジ系,技術要素,セキュリティ,"=HYPERLINK(""https://www.ap-siken.com/kakomon/19_aki/q74.html"",""平成19年秋期 問74"")",2024/9/5
5,×,テクノロジ系,技術要素,セキュリティ,"=HYPERLINK(""https://www.ap-siken.com/kakomon/05_haru/q38.html"",""令和5年春期 問38"")",2024/9/5
6,○,テクノロジ系,技術要素,セキュリティ,"=HYPERLINK(""https://www.ap-siken.com/kakomon/26_aki/q44.html"",""平成26年秋期 問44"")",2024/9/5
7,○,テクノロジ系,技術要素,セキュリティ,"=HYPERLINK(""https://www.ap-siken.com/kakomon/30_haru/q40.html"",""平成30年春期 問40"")",2024/9/5
8,○,テクノロジ系,技術要素,セキュリティ,"=HYPERLINK(""https://www.ap-siken.com/kakomon/25_aki/q40.html"",""平成25年秋期 問40"")",2024/9/5
9,×,テクノロジ系,技術要素,セキュリティ,"=HYPERLINK(""https://www.ap-siken.com/kakomon/05_aki/q44.html"",""令和5年秋期 問44"")",2024/9/5
10,○,テクノロジ系,技術要素,セキュリティ,"=HYPERLINK(""https://www.ap-siken.com/kakomon/25_aki/q39.html"",""平成25年秋期 問39"")",2024/9/5
11,×,テクノロジ系,技術要素,セキュリティ,"=HYPERLINK(""https://www.ap-siken.com/kakomon/04_aki/q43.html"",""令和4年秋期 問43"")",2024/9/5
12,×,テクノロジ系,技術要素,セキュリティ,"=HYPERLINK(""https://www.ap-siken.com/kakomon/05_haru/q42.html"",""令和5年春期 問42"")",2024/9/5
13,○,テクノロジ系,技術要素,セキュリティ,"=HYPERLINK(""https://www.ap-siken.com/kakomon/26_aki/q35.html"",""平成26年秋期 問35"")",2024/9/5
14,×,テクノロジ系,技術要素,セキュリティ,"=HYPERLINK(""https://www.ap-siken.com/kakomon/18_haru/q73.html"",""平成18年春期 問73"")",2024/9/5
15,×,テクノロジ系,技術要素,セキュリティ,"=HYPERLINK(""https://www.ap-siken.com/kakomon/19_haru/q74.html"",""平成19年春期 問74"")",2024/9/5
16,○,テクノロジ系,技術要素,セキュリティ,"=HYPERLINK(""https://www.ap-siken.com/kakomon/03_haru/q41.html"",""令和3年春期 問41"")",2024/9/5
17,○,テクノロジ系,技術要素,セキュリティ,"=HYPERLINK(""https://www.ap-siken.com/kakomon/24_haru/q40.html"",""平成24年春期 問40"")",2024/9/5
18,○,テクノロジ系,技術要素,セキュリティ,"=HYPERLINK(""https://www.ap-siken.com/kakomon/24_aki/q38.html"",""平成24年秋期 問38"")",2024/9/5
19,○,テクノロジ系,技術要素,セキュリティ,"=HYPERLINK(""https://www.ap-siken.com/kakomon/21_aki/q38.html"",""平成21年秋期 問38"")",2024/9/5
20,×,テクノロジ系,技術要素,セキュリティ,"=HYPERLINK(""https://www.ap-siken.com/kakomon/29_aki/q36.html"",""平成29年秋期 問36"")",2024/9/5
21,○,テクノロジ系,技術要素,セキュリティ,"=HYPERLINK(""https://www.ap-siken.com/kakomon/28_haru/q38.html"",""平成28年春期 問38"")",2024/9/5
22,○,テクノロジ系,技術要素,セキュリティ,"=HYPERLINK(""https://www.ap-siken.com/kakomon/04_haru/q41.html"",""令和4年春期 問41"")",2024/9/5
23,○,テクノロジ系,技術要素,セキュリティ,"=HYPERLINK(""https://www.ap-siken.com/kakomon/06_haru/q43.html"",""令和6年春期 問43"")",2024/9/5
24,○,テクノロジ系,技術要素,セキュリティ,"=HYPERLINK(""https://www.ap-siken.com/kakomon/19_aki/q75.html"",""平成19年秋期 問75"")",2024/9/5
25,×,テクノロジ系,技術要素,セキュリティ,"=HYPERLINK(""https://www.ap-siken.com/kakomon/01_aki/q40.html"",""令和元年秋期 問40"")",2024/9/5
26,×,テクノロジ系,技術要素,セキュリティ,"=HYPERLINK(""https://www.ap-siken.com/kakomon/20_aki/q72.html"",""平成20年秋期 問72"")",2024/9/5
27,○,テクノロジ系,技術要素,セキュリティ,"=HYPERLINK(""https://www.ap-siken.com/kakomon/19_aki/q76.html"",""平成19年秋期 問76"")",2024/9/5
28,○,テクノロジ系,技術要素,セキュリティ,"=HYPERLINK(""https://www.ap-siken.com/kakomon/19_aki/q71.html"",""平成19年秋期 問71"")",2024/9/5
29,○,テクノロジ系,技術要素,セキュリティ,"=HYPERLINK(""https://www.ap-siken.com/kakomon/21_aki/q41.html"",""平成21年秋期 問41"")",2024/9/5
30,×,テクノロジ系,技術要素,セキュリティ,"=HYPERLINK(""https://www.ap-siken.com/kakomon/02_aki/q36.html"",""令和2年秋期 問36"")",2024/9/5
31,○,テクノロジ系,技術要素,セキュリティ,"=HYPERLINK(""https://www.ap-siken.com/kakomon/30_aki/q40.html"",""平成30年秋期 問40"")",2024/9/5
32,○,テクノロジ系,技術要素,セキュリティ,"=HYPERLINK(""https://www.ap-siken.com/kakomon/30_haru/q38.html"",""平成30年春期 問38"")",2024/9/5
33,○,テクノロジ系,技術要素,セキュリティ,"=HYPERLINK(""https://www.ap-siken.com/kakomon/01_aki/q45.html"",""令和元年秋期 問45"")",2024/9/5
34,○,テクノロジ系,技術要素,セキュリティ,"=HYPERLINK(""https://www.ap-siken.com/kakomon/30_aki/q36.html"",""平成30年秋期 問36"")",2024/9/5
35,○,テクノロジ系,技術要素,セキュリティ,"=HYPERLINK(""https://www.ap-siken.com/kakomon/30_aki/q45.html"",""平成30年秋期 問45"")",2024/9/5
36,×,テクノロジ系,技術要素,セキュリティ,"=HYPERLINK(""https://www.ap-siken.com/kakomon/03_haru/q43.html"",""令和3年春期 問43"")",2024/9/5
37,○,テクノロジ系,技術要素,セキュリティ,"=HYPERLINK(""https://www.ap-siken.com/kakomon/28_aki/q42.html"",""平成28年秋期 問42"")",2024/9/5
38,○,テクノロジ系,技術要素,セキュリティ,"=HYPERLINK(""https://www.ap-siken.com/kakomon/19_haru/q76.html"",""平成19年春期 問76"")",2024/9/5
39,×,テクノロジ系,技術要素,セキュリティ,"=HYPERLINK(""https://www.ap-siken.com/kakomon/05_haru/q43.html"",""令和5年春期 問43"")",2024/9/5
40,○,テクノロジ系,技術要素,セキュリティ,"=HYPERLINK(""https://www.ap-siken.com/kakomon/25_haru/q37.html"",""平成25年春期 問37"")",2024/9/5
41,○,テクノロジ系,技術要素,セキュリティ,"=HYPERLINK(""https://www.ap-siken.com/kakomon/24_haru/q44.html"",""平成24年春期 問44"")",2024/9/5
42,○,テクノロジ系,技術要素,セキュリティ,"=HYPERLINK(""https://www.ap-siken.com/kakomon/19_aki/q73.html"",""平成19年秋期 問73"")",2024/9/5
43,○,テクノロジ系,技術要素,セキュリティ,"=HYPERLINK(""https://www.ap-siken.com/kakomon/25_aki/q41.html"",""平成25年秋期 問41"")",2024/9/5
44,○,テクノロジ系,技術要素,セキュリティ,"=HYPERLINK(""https://www.ap-siken.com/kakomon/01_aki/q39.html"",""令和元年秋期 問39"")",2024/9/5
45,×,テクノロジ系,技術要素,セキュリティ,"=HYPERLINK(""https://www.ap-siken.com/kakomon/05_aki/q42.html"",""令和5年秋期 問42"")",2024/9/5
46,○,テクノロジ系,技術要素,セキュリティ,"=HYPERLINK(""https://www.ap-siken.com/kakomon/28_haru/q39.html"",""平成28年春期 問39"")",2024/9/5
47,○,テクノロジ系,技術要素,セキュリティ,"=HYPERLINK(""https://www.ap-siken.com/kakomon/25_haru/q41.html"",""平成25年春期 問41"")",2024/9/5
48,×,テクノロジ系,技術要素,セキュリティ,"=HYPERLINK(""https://www.ap-siken.com/kakomon/03_haru/q38.html"",""令和3年春期 問38"")",2024/9/5
49,○,テクノロジ系,技術要素,セキュリティ,"=HYPERLINK(""https://www.ap-siken.com/kakomon/17_aki/q75.html"",""平成17年秋期 問75"")",2024/9/5
50,○,テクノロジ系,技術要素,セキュリティ,"=HYPERLINK(""https://www.ap-siken.com/kakomon/02_aki/q45.html"",""令和2年秋期 問45"")",2024/9/5
51,○,テクノロジ系,技術要素,セキュリティ,"=HYPERLINK(""https://www.ap-siken.com/kakomon/04_haru/q39.html"",""令和4年春期 問39"")",2024/9/5
52,×,テクノロジ系,技術要素,セキュリティ,"=HYPERLINK(""https://www.ap-siken.com/kakomon/18_haru/q74.html"",""平成18年春期 問74"")",2024/9/5
53,×,テクノロジ系,技術要素,セキュリティ,"=HYPERLINK(""https://www.ap-siken.com/kakomon/27_haru/q39.html"",""平成27年春期 問39"")",2024/9/5
54,×,テクノロジ系,技術要素,セキュリティ,"=HYPERLINK(""https://www.ap-siken.com/kakomon/26_aki/q41.html"",""平成26年秋期 問41"")",2024/9/5
55,○,テクノロジ系,技術要素,セキュリティ,"=HYPERLINK(""https://www.ap-siken.com/kakomon/26_haru/q40.html"",""平成26年春期 問40"")",2024/9/5
56,○,テクノロジ系,技術要素,セキュリティ,"=HYPERLINK(""https://www.ap-siken.com/kakomon/03_haru/q42.html"",""令和3年春期 問42"")",2024/9/5
57,○,テクノロジ系,技術要素,セキュリティ,"=HYPERLINK(""https://www.ap-siken.com/kakomon/26_haru/q44.html"",""平成26年春期 問44"")",2024/9/5
58,×,テクノロジ系,技術要素,セキュリティ,"=HYPERLINK(""https://www.ap-siken.com/kakomon/18_aki/q75.html"",""平成18年秋期 問75"")",2024/9/5
59,○,テクノロジ系,技術要素,セキュリティ,"=HYPERLINK(""https://www.ap-siken.com/kakomon/30_haru/q37.html"",""平成30年春期 問37"")",2024/9/5
60,○,テクノロジ系,技術要素,セキュリティ,"=HYPERLINK(""https://www.ap-siken.com/kakomon/29_haru/q44.html"",""平成29年春期 問44"")",2024/9/5
61,○,テクノロジ系,技術要素,セキュリティ,"=HYPERLINK(""https://www.ap-siken.com/kakomon/24_aki/q40.html"",""平成24年秋期 問40"")",2024/9/5
62,×,テクノロジ系,技術要素,セキュリティ,"=HYPERLINK(""https://www.ap-siken.com/kakomon/19_aki/q72.html"",""平成19年秋期 問72"")",2024/9/5
63,×,テクノロジ系,技術要素,セキュリティ,"=HYPERLINK(""https://www.ap-siken.com/kakomon/19_haru/q75.html"",""平成19年春期 問75"")",2024/9/5
64,○,テクノロジ系,技術要素,セキュリティ,"=HYPERLINK(""https://www.ap-siken.com/kakomon/27_haru/q45.html"",""平成27年春期 問45"")",2024/9/5
65,×,テクノロジ系,技術要素,セキュリティ,"=HYPERLINK(""https://www.ap-siken.com/kakomon/26_aki/q40.html"",""平成26年秋期 問40"")",2024/9/5
66,×,テクノロジ系,技術要素,セキュリティ,"=HYPERLINK(""https://www.ap-siken.com/kakomon/03_aki/q37.html"",""令和3年秋期 問37"")",2024/9/5
67,○,テクノロジ系,技術要素,セキュリティ,"=HYPERLINK(""https://www.ap-siken.com/kakomon/03_haru/q37.html"",""令和3年春期 問37"")",2024/9/5
68,○,テクノロジ系,技術要素,セキュリティ,"=HYPERLINK(""https://www.ap-siken.com/kakomon/28_aki/q41.html"",""平成28年秋期 問41"")",2024/9/5
69,○,テクノロジ系,技術要素,セキュリティ,"=HYPERLINK(""https://www.ap-siken.com/kakomon/29_aki/q43.html"",""平成29年秋期 問43"")",2024/9/5
70,○,テクノロジ系,技術要素,セキュリティ,"=HYPERLINK(""https://www.ap-siken.com/kakomon/20_haru/q70.html"",""平成20年春期 問70"")",2024/9/5
71,×,テクノロジ系,技術要素,セキュリティ,"=HYPERLINK(""https://www.ap-siken.com/kakomon/04_aki/q37.html"",""令和4年秋期 問37"")",2024/9/5
72,○,テクノロジ系,技術要素,セキュリティ,"=HYPERLINK(""https://www.ap-siken.com/kakomon/28_haru/q42.html"",""平成28年春期 問42"")",2024/9/5
73,×,テクノロジ系,技術要素,セキュリティ,"=HYPERLINK(""https://www.ap-siken.com/kakomon/25_aki/q43.html"",""平成25年秋期 問43"")",2024/9/5
74,○,テクノロジ系,技術要素,セキュリティ,"=HYPERLINK(""https://www.ap-siken.com/kakomon/17_haru/q76.html"",""平成17年春期 問76"")",2024/9/5
75,×,テクノロジ系,技術要素,セキュリティ,"=HYPERLINK(""https://www.ap-siken.com/kakomon/04_aki/q38.html"",""令和4年秋期 問38"")",2024/9/5
76,○,テクノロジ系,技術要素,セキュリティ,"=HYPERLINK(""https://www.ap-siken.com/kakomon/31_haru/q43.html"",""平成31年春期 問43"")",2024/9/5
77,○,テクノロジ系,技術要素,セキュリティ,"=HYPERLINK(""https://www.ap-siken.com/kakomon/24_haru/q36.html"",""平成24年春期 問36"")",2024/9/5
78,○,テクノロジ系,技術要素,セキュリティ,"=HYPERLINK(""https://www.ap-siken.com/kakomon/05_haru/q45.html"",""令和5年春期 問45"")",2024/9/5
79,○,テクノロジ系,技術要素,セキュリティ,"=HYPERLINK(""https://www.ap-siken.com/kakomon/18_haru/q72.html"",""平成18年春期 問72"")",2024/9/5
80,○,テクノロジ系,技術要素,セキュリティ,"=HYPERLINK(""https://www.ap-siken.com/kakomon/03_aki/q42.html"",""令和3年秋期 問42"")",2024/9/5
81,×,テクノロジ系,技術要素,セキュリティ,"=HYPERLINK(""https://www.ap-siken.com/kakomon/17_haru/q72.html"",""平成17年春期 問72"")",2024/9/5
82,○,テクノロジ系,技術要素,セキュリティ,"=HYPERLINK(""https://www.ap-siken.com/kakomon/03_aki/q43.html"",""令和3年秋期 問43"")",2024/9/5
83,×,テクノロジ系,技術要素,セキュリティ,"=HYPERLINK(""https://www.ap-siken.com/kakomon/05_haru/q44.html"",""令和5年春期 問44"")",2024/9/5
84,○,テクノロジ系,技術要素,セキュリティ,"=HYPERLINK(""https://www.ap-siken.com/kakomon/04_haru/q37.html"",""令和4年春期 問37"")",2024/9/5
85,×,テクノロジ系,技術要素,セキュリティ,"=HYPERLINK(""https://www.ap-siken.com/kakomon/20_haru/q74.html"",""平成20年春期 問74"")",2024/9/5
86,○,テクノロジ系,技術要素,セキュリティ,"=HYPERLINK(""https://www.ap-siken.com/kakomon/02_aki/q38.html"",""令和2年秋期 問38"")",2024/9/5
87,○,テクノロジ系,技術要素,セキュリティ,"=HYPERLINK(""https://www.ap-siken.com/kakomon/19_haru/q77.html"",""平成19年春期 問77"")",2024/9/5
88,×,テクノロジ系,技術要素,セキュリティ,"=HYPERLINK(""https://www.ap-siken.com/kakomon/05_haru/q40.html"",""令和5年春期 問40"")",2024/9/5
89,○,テクノロジ系,技術要素,セキュリティ,"=HYPERLINK(""https://www.ap-siken.com/kakomon/28_haru/q37.html"",""平成28年春期 問37"")",2024/9/5
90,×,テクノロジ系,技術要素,セキュリティ,"=HYPERLINK(""https://www.ap-siken.com/kakomon/05_aki/q39.html"",""令和5年秋期 問39"")",2024/9/5
91,○,テクノロジ系,技術要素,セキュリティ,"=HYPERLINK(""https://www.ap-siken.com/kakomon/19_haru/q56.html"",""平成19年春期 問56"")",2024/9/5
92,○,テクノロジ系,技術要素,セキュリティ,"=HYPERLINK(""https://www.ap-siken.com/kakomon/17_aki/q71.html"",""平成17年秋期 問71"")",2024/9/5
93,○,テクノロジ系,技術要素,セキュリティ,"=HYPERLINK(""https://www.ap-siken.com/kakomon/25_haru/q40.html"",""平成25年春期 問40"")",2024/9/5
94,○,テクノロジ系,技術要素,セキュリティ,"=HYPERLINK(""https://www.ap-siken.com/kakomon/18_haru/q77.html"",""平成18年春期 問77"")",2024/9/5
95,○,テクノロジ系,技術要素,セキュリティ,"=HYPERLINK(""https://www.ap-siken.com/kakomon/03_aki/q41.html"",""令和3年秋期 問41"")",2024/9/5
96,×,テクノロジ系,技術要素,セキュリティ,"=HYPERLINK(""https://www.ap-siken.com/kakomon/05_aki/q37.html"",""令和5年秋期 問37"")",2024/9/5
97,○,テクノロジ系,技術要素,セキュリティ,"=HYPERLINK(""https://www.ap-siken.com/kakomon/05_aki/q46.html"",""令和5年秋期 問46"")",2024/9/5
98,○,テクノロジ系,技術要素,セキュリティ,"=HYPERLINK(""https://www.ap-siken.com/kakomon/24_aki/q42.html"",""平成24年秋期 問42"")",2024/9/5
99,○,テクノロジ系,技術要素,セキュリティ,"=HYPERLINK(""https://www.ap-siken.com/kakomon/04_aki/q39.html"",""令和4年秋期 問39"")",2024/9/5
100,○,テクノロジ系,技術要素,セキュリティ,"=HYPERLINK(""https://www.ap-siken.com/kakomon/30_aki/q44.html"",""平成30年秋期 問44"")",2024/9/5
101,×,テクノロジ系,技術要素,セキュリティ,"=HYPERLINK(""https://www.ap-siken.com/kakomon/03_aki/q40.html"",""令和3年秋期 問40"")",2024/9/5
102,○,テクノロジ系,技術要素,セキュリティ,"=HYPERLINK(""https://www.ap-siken.com/kakomon/18_haru/q76.html"",""平成18年春期 問76"")",2024/9/5
103,×,テクノロジ系,技術要素,セキュリティ,"=HYPERLINK(""https://www.ap-siken.com/kakomon/29_haru/q38.html"",""平成29年春期 問38"")",2024/9/5
104,○,テクノロジ系,技術要素,セキュリティ,"=HYPERLINK(""https://www.ap-siken.com/kakomon/26_aki/q42.html"",""平成26年秋期 問42"")",2024/9/5
105,○,テクノロジ系,技術要素,セキュリティ,"=HYPERLINK(""https://www.ap-siken.com/kakomon/05_aki/q45.html"",""令和5年秋期 問45"")",2024/9/5
106,○,テクノロジ系,技術要素,セキュリティ,"=HYPERLINK(""https://www.ap-siken.com/kakomon/27_aki/q42.html"",""平成27年秋期 問42"")",2024/9/5
107,×,テクノロジ系,技術要素,セキュリティ,"=HYPERLINK(""https://www.ap-siken.com/kakomon/17_aki/q78.html"",""平成17年秋期 問78"")",2024/9/5
108,○,テクノロジ系,技術要素,セキュリティ,"=HYPERLINK(""https://www.ap-siken.com/kakomon/27_haru/q43.html"",""平成27年春期 問43"")",2024/9/5
109,○,テクノロジ系,技術要素,セキュリティ,"=HYPERLINK(""https://www.ap-siken.com/kakomon/27_haru/q41.html"",""平成27年春期 問41"")",2024/9/5
110,-,テクノロジ系,技術要素,セキュリティ,"=HYPERLINK(""https://www.ap-siken.com/kakomon/04_aki/q36.html"",""令和4年秋期 問36"")",2024/9/5
111,×,テクノロジ系,技術要素,セキュリティ,"=HYPERLINK(""https://www.ap-siken.com/kakomon/18_aki/q74.html"",""平成18年秋期 問74"")",2024/9/5
112,○,テクノロジ系,技術要素,セキュリティ,"=HYPERLINK(""https://www.ap-siken.com/kakomon/19_aki/q78.html"",""平成19年秋期 問78"")",2024/9/5
113,-,テクノロジ系,技術要素,セキュリティ,"=HYPERLINK(""https://www.ap-siken.com/kakomon/19_haru/q71.html"",""平成19年春期 問71"")",2024/9/5
114,○,テクノロジ系,技術要素,セキュリティ,"=HYPERLINK(""https://www.ap-siken.com/kakomon/06_haru/q36.html"",""令和6年春期 問36"")",2024/9/5
115,○,テクノロジ系,技術要素,セキュリティ,"=HYPERLINK(""https://www.ap-siken.com/kakomon/02_aki/q43.html"",""令和2年秋期 問43"")",2024/9/5
116,○,テクノロジ系,技術要素,セキュリティ,"=HYPERLINK(""https://www.ap-siken.com/kakomon/29_haru/q39.html"",""平成29年春期 問39"")",2024/9/5
117,○,テクノロジ系,技術要素,セキュリティ,"=HYPERLINK(""https://www.ap-siken.com/kakomon/19_haru/q72.html"",""平成19年春期 問72"")",2024/9/5
118,○,テクノロジ系,技術要素,セキュリティ,"=HYPERLINK(""https://www.ap-siken.com/kakomon/06_haru/q41.html"",""令和6年春期 問41"")",2024/9/5
119,○,テクノロジ系,技術要素,セキュリティ,"=HYPERLINK(""https://www.ap-siken.com/kakomon/25_aki/q38.html"",""平成25年秋期 問38"")",2024/9/5
120,○,テクノロジ系,技術要素,セキュリティ,"=HYPERLINK(""https://www.ap-siken.com/kakomon/22_haru/q43.html"",""平成22年春期 問43"")",2024/9/5
121,○,テクノロジ系,技術要素,セキュリティ,"=HYPERLINK(""https://www.ap-siken.com/kakomon/05_aki/q40.html"",""令和5年秋期 問40"")",2024/9/5
122,○,テクノロジ系,技術要素,セキュリティ,"=HYPERLINK(""https://www.ap-siken.com/kakomon/17_haru/q75.html"",""平成17年春期 問75"")",2024/9/5
123,×,テクノロジ系,技術要素,セキュリティ,"=HYPERLINK(""https://www.ap-siken.com/kakomon/22_aki/q43.html"",""平成22年秋期 問43"")",2024/9/5
124,○,テクノロジ系,技術要素,セキュリティ,"=HYPERLINK(""https://www.ap-siken.com/kakomon/24_aki/q33.html"",""平成24年秋期 問33"")",2024/9/5
125,○,テクノロジ系,技術要素,セキュリティ,"=HYPERLINK(""https://www.ap-siken.com/kakomon/24_haru/q39.html"",""平成24年春期 問39"")",2024/9/5
126,○,テクノロジ系,技術要素,セキュリティ,"=HYPERLINK(""https://www.ap-siken.com/kakomon/25_aki/q44.html"",""平成25年秋期 問44"")",2024/9/5
127,○,テクノロジ系,技術要素,セキュリティ,"=HYPERLINK(""https://www.ap-siken.com/kakomon/18_aki/q77.html"",""平成18年秋期 問77"")",2024/9/5
128,○,テクノロジ系,技術要素,セキュリティ,"=HYPERLINK(""https://www.ap-siken.com/kakomon/28_haru/q45.html"",""平成28年春期 問45"")",2024/9/5
129,○,テクノロジ系,技術要素,セキュリティ,"=HYPERLINK(""https://www.ap-siken.com/kakomon/03_aki/q39.html"",""令和3年秋期 問39"")",2024/9/5
130,×,テクノロジ系,技術要素,セキュリティ,"=HYPERLINK(""https://www.ap-siken.com/kakomon/05_aki/q43.html"",""令和5年秋期 問43"")",2024/9/5
131,×,テクノロジ系,技術要素,セキュリティ,"=HYPERLINK(""https://www.ap-siken.com/kakomon/01_aki/q42.html"",""令和元年秋期 問42"")",2024/9/5
132,○,テクノロジ系,技術要素,セキュリティ,"=HYPERLINK(""https://www.ap-siken.com/kakomon/27_aki/q36.html"",""平成27年秋期 問36"")",2024/9/5
133,×,テクノロジ系,技術要素,セキュリティ,"=HYPERLINK(""https://www.ap-siken.com/kakomon/21_aki/q39.html"",""平成21年秋期 問39"")",2024/9/5
134,×,テクノロジ系,技術要素,セキュリティ,"=HYPERLINK(""https://www.ap-siken.com/kakomon/03_haru/q39.html"",""令和3年春期 問39"")",2024/9/5
135,○,テクノロジ系,技術要素,セキュリティ,"=HYPERLINK(""https://www.ap-siken.com/kakomon/30_haru/q44.html"",""平成30年春期 問44"")",2024/9/5
136,×,テクノロジ系,技術要素,セキュリティ,"=HYPERLINK(""https://www.ap-siken.com/kakomon/01_aki/q37.html"",""令和元年秋期 問37"")",2024/9/5
137,×,テクノロジ系,技術要素,セキュリティ,"=HYPERLINK(""https://www.ap-siken.com/kakomon/27_haru/q42.html"",""平成27年春期 問42"")",2024/9/5
138,○,テクノロジ系,技術要素,セキュリティ,"=HYPERLINK(""https://www.ap-siken.com/kakomon/24_haru/q38.html"",""平成24年春期 問38"")",2024/9/5
139,×,テクノロジ系,技術要素,セキュリティ,"=HYPERLINK(""https://www.ap-siken.com/kakomon/23_toku/q42.html"",""平成23年特別 問42"")",2024/9/5
140,○,テクノロジ系,技術要素,セキュリティ,"=HYPERLINK(""https://www.ap-siken.com/kakomon/28_aki/q39.html"",""平成28年秋期 問39"")",2024/9/5
141,○,テクノロジ系,技術要素,セキュリティ,"=HYPERLINK(""https://www.ap-siken.com/kakomon/05_aki/q36.html"",""令和5年秋期 問36"")",2024/9/5
142,○,テクノロジ系,技術要素,セキュリティ,"=HYPERLINK(""https://www.ap-siken.com/kakomon/03_haru/q40.html"",""令和3年春期 問40"")",2024/9/5
143,○,テクノロジ系,技術要素,セキュリティ,"=HYPERLINK(""https://www.ap-siken.com/kakomon/20_aki/q75.html"",""平成20年秋期 問75"")",2024/9/5
144,×,テクノロジ系,技術要素,セキュリティ,"=HYPERLINK(""https://www.ap-siken.com/kakomon/30_aki/q41.html"",""平成30年秋期 問41"")",2024/9/5
145,○,テクノロジ系,技術要素,セキュリティ,"=HYPERLINK(""https://www.ap-siken.com/kakomon/04_aki/q40.html"",""令和4年秋期 問40"")",2024/9/5
146,○,テクノロジ系,技術要素,セキュリティ,"=HYPERLINK(""https://www.ap-siken.com/kakomon/27_haru/q44.html"",""平成27年春期 問44"")",2024/9/5
147,○,テクノロジ系,技術要素,セキュリティ,"=HYPERLINK(""https://www.ap-siken.com/kakomon/29_aki/q42.html"",""平成29年秋期 問42"")",2024/9/5
148,×,テクノロジ系,技術要素,セキュリティ,"=HYPERLINK(""https://www.ap-siken.com/kakomon/29_haru/q40.html"",""平成29年春期 問40"")",2024/9/5
149,×,テクノロジ系,技術要素,セキュリティ,"=HYPERLINK(""https://www.ap-siken.com/kakomon/17_aki/q76.html"",""平成17年秋期 問76"")",2024/9/5
150,○,テクノロジ系,技術要素,セキュリティ,"=HYPERLINK(""https://www.ap-siken.com/kakomon/23_aki/q39.html"",""平成23年秋期 問39"")",2024/9/5
151,○,テクノロジ系,技術要素,セキュリティ,"=HYPERLINK(""https://www.ap-siken.com/kakomon/18_haru/q75.html"",""平成18年春期 問75"")",2024/9/5
152,×,テクノロジ系,技術要素,セキュリティ,"=HYPERLINK(""https://www.ap-siken.com/kakomon/04_haru/q43.html"",""令和4年春期 問43"")",2024/9/5
153,○,テクノロジ系,技術要素,セキュリティ,"=HYPERLINK(""https://www.ap-siken.com/kakomon/18_aki/q73.html"",""平成18年秋期 問73"")",2024/9/5
154,○,テクノロジ系,技術要素,セキュリティ,"=HYPERLINK(""https://www.ap-siken.com/kakomon/21_haru/q42.html"",""平成21年春期 問42"")",2024/9/5
155,×,テクノロジ系,技術要素,セキュリティ,"=HYPERLINK(""https://www.ap-siken.com/kakomon/17_haru/q78.html"",""平成17年春期 問78"")",2024/9/5
156,×,テクノロジ系,技術要素,セキュリティ,"=HYPERLINK(""https://www.ap-siken.com/kakomon/28_aki/q43.html"",""平成28年秋期 問43"")",2024/9/5
157,○,テクノロジ系,技術要素,セキュリティ,"=HYPERLINK(""https://www.ap-siken.com/kakomon/29_haru/q37.html"",""平成29年春期 問37"")",2024/9/5
158,○,テクノロジ系,技術要素,セキュリティ,"=HYPERLINK(""https://www.ap-siken.com/kakomon/20_aki/q77.html"",""平成20年秋期 問77"")",2024/9/5
159,○,テクノロジ系,技術要素,セキュリティ,"=HYPERLINK(""https://www.ap-siken.com/kakomon/27_aki/q37.html"",""平成27年秋期 問37"")",2024/9/5
160,○,テクノロジ系,技術要素,セキュリティ,"=HYPERLINK(""https://www.ap-siken.com/kakomon/27_aki/q43.html"",""平成27年秋期 問43"")",2024/9/5
161,○,テクノロジ系,技術要素,セキュリティ,"=HYPERLINK(""https://www.ap-siken.com/kakomon/27_aki/q40.html"",""平成27年秋期 問40"")",2024/9/5
162,×,テクノロジ系,技術要素,セキュリティ,"=HYPERLINK(""https://www.ap-siken.com/kakomon/06_haru/q39.html"",""令和6年春期 問39"")",2024/9/5
163,×,テクノロジ系,技術要素,セキュリティ,"=HYPERLINK(""https://www.ap-siken.com/kakomon/26_aki/q36.html"",""平成26年秋期 問36"")",2024/9/5
164,○,テクノロジ系,技術要素,セキュリティ,"=HYPERLINK(""https://www.ap-siken.com/kakomon/06_haru/q38.html"",""令和6年春期 問38"")",2024/9/5
165,○,テクノロジ系,技術要素,セキュリティ,"=HYPERLINK(""https://www.ap-siken.com/kakomon/06_haru/q35.html"",""令和6年春期 問35"")",2024/9/5
166,○,テクノロジ系,技術要素,セキュリティ,"=HYPERLINK(""https://www.ap-siken.com/kakomon/29_haru/q43.html"",""平成29年春期 問43"")",2024/9/5
167,○,テクノロジ系,技術要素,セキュリティ,"=HYPERLINK(""https://www.ap-siken.com/kakomon/31_haru/q41.html"",""平成31年春期 問41"")",2024/9/5
168,○,テクノロジ系,技術要素,セキュリティ,"=HYPERLINK(""https://www.ap-siken.com/kakomon/01_aki/q43.html"",""令和元年秋期 問43"")",2024/9/5
169,×,テクノロジ系,技術要素,セキュリティ,"=HYPERLINK(""https://www.ap-siken.com/kakomon/18_aki/q72.html"",""平成18年秋期 問72"")",2024/9/5
170,○,テクノロジ系,技術要素,セキュリティ,"=HYPERLINK(""https://www.ap-siken.com/kakomon/03_aki/q45.html"",""令和3年秋期 問45"")",2024/9/5
171,○,テクノロジ系,技術要素,セキュリティ,"=HYPERLINK(""https://www.ap-siken.com/kakomon/20_aki/q71.html"",""平成20年秋期 問71"")",2024/9/5
172,○,テクノロジ系,技術要素,セキュリティ,"=HYPERLINK(""https://www.ap-siken.com/kakomon/27_haru/q37.html"",""平成27年春期 問37"")",2024/9/5
173,○,テクノロジ系,技術要素,セキュリティ,"=HYPERLINK(""https://www.ap-siken.com/kakomon/30_aki/q38.html"",""平成30年秋期 問38"")",2024/9/5
174,○,テクノロジ系,技術要素,セキュリティ,"=HYPERLINK(""https://www.ap-siken.com/kakomon/27_aki/q45.html"",""平成27年秋期 問45"")",2024/9/5
175,×,テクノロジ系,技術要素,セキュリティ,"=HYPERLINK(""https://www.ap-siken.com/kakomon/23_toku/q43.html"",""平成23年特別 問43"")",2024/9/5
176,×,テクノロジ系,技術要素,セキュリティ,"=HYPERLINK(""https://www.ap-siken.com/kakomon/26_haru/q39.html"",""平成26年春期 問39"")",2024/9/5
177,○,テクノロジ系,技術要素,セキュリティ,"=HYPERLINK(""https://www.ap-siken.com/kakomon/29_aki/q40.html"",""平成29年秋期 問40"")",2024/9/5
178,×,テクノロジ系,技術要素,セキュリティ,"=HYPERLINK(""https://www.ap-siken.com/kakomon/17_aki/q79.html"",""平成17年秋期 問79"")",2024/9/5
179,○,テクノロジ系,技術要素,セキュリティ,"=HYPERLINK(""https://www.ap-siken.com/kakomon/22_aki/q40.html"",""平成22年秋期 問40"")",2024/9/5
180,○,テクノロジ系,技術要素,セキュリティ,"=HYPERLINK(""https://www.ap-siken.com/kakomon/25_haru/q36.html"",""平成25年春期 問36"")",2024/9/5
181,○,テクノロジ系,技術要素,セキュリティ,"=HYPERLINK(""https://www.ap-siken.com/kakomon/02_aki/q40.html"",""令和2年秋期 問40"")",2024/9/5
182,×,テクノロジ系,技術要素,セキュリティ,"=HYPERLINK(""https://www.ap-siken.com/kakomon/24_aki/q36.html"",""平成24年秋期 問36"")",2024/9/5
183,×,テクノロジ系,技術要素,セキュリティ,"=HYPERLINK(""https://www.ap-siken.com/kakomon/04_haru/q40.html"",""令和4年春期 問40"")",2024/9/5
184,○,テクノロジ系,技術要素,セキュリティ,"=HYPERLINK(""https://www.ap-siken.com/kakomon/23_aki/q40.html"",""平成23年秋期 問40"")",2024/9/5
185,○,テクノロジ系,技術要素,セキュリティ,"=HYPERLINK(""https://www.ap-siken.com/kakomon/03_haru/q44.html"",""令和3年春期 問44"")",2024/9/5
186,○,テクノロジ系,技術要素,セキュリティ,"=HYPERLINK(""https://www.ap-siken.com/kakomon/30_aki/q37.html"",""平成30年秋期 問37"")",2024/9/5
187,○,テクノロジ系,技術要素,セキュリティ,"=HYPERLINK(""https://www.ap-siken.com/kakomon/05_haru/q36.html"",""令和5年春期 問36"")",2024/9/5
188,○,テクノロジ系,技術要素,セキュリティ,"=HYPERLINK(""https://www.ap-siken.com/kakomon/02_aki/q39.html"",""令和2年秋期 問39"")",2024/9/5
189,○,テクノロジ系,技術要素,セキュリティ,"=HYPERLINK(""https://www.ap-siken.com/kakomon/29_aki/q38.html"",""平成29年秋期 問38"")",2024/9/5
190,○,テクノロジ系,技術要素,セキュリティ,"=HYPERLINK(""https://www.ap-siken.com/kakomon/18_aki/q71.html"",""平成18年秋期 問71"")",2024/9/5
191,○,テクノロジ系,技術要素,セキュリティ,"=HYPERLINK(""https://www.ap-siken.com/kakomon/31_haru/q42.html"",""平成31年春期 問42"")",2024/9/5
192,×,テクノロジ系,技術要素,セキュリティ,"=HYPERLINK(""https://www.ap-siken.com/kakomon/04_haru/q45.html"",""令和4年春期 問45"")",2024/9/5
193,×,テクノロジ系,技術要素,セキュリティ,"=HYPERLINK(""https://www.ap-siken.com/kakomon/02_aki/q41.html"",""令和2年秋期 問41"")",2024/9/5
194,×,テクノロジ系,技術要素,セキュリティ,"=HYPERLINK(""https://www.ap-siken.com/kakomon/28_haru/q41.html"",""平成28年春期 問41"")",2024/9/5
195,○,テクノロジ系,技術要素,セキュリティ,"=HYPERLINK(""https://www.ap-siken.com/kakomon/20_aki/q73.html"",""平成20年秋期 問73"")",2024/9/5
196,○,テクノロジ系,技術要素,セキュリティ,"=HYPERLINK(""https://www.ap-siken.com/kakomon/25_haru/q38.html"",""平成25年春期 問38"")",2024/9/5
197,×,テクノロジ系,技術要素,セキュリティ,"=HYPERLINK(""https://www.ap-siken.com/kakomon/04_aki/q41.html"",""令和4年秋期 問41"")",2024/9/5
198,×,テクノロジ系,技術要素,セキュリティ,"=HYPERLINK(""https://www.ap-siken.com/kakomon/17_haru/q73.html"",""平成17年春期 問73"")",2024/9/5
199,○,テクノロジ系,技術要素,セキュリティ,"=HYPERLINK(""https://www.ap-siken.com/kakomon/18_aki/q76.html"",""平成18年秋期 問76"")",2024/9/5
200,○,テクノロジ系,技術要素,セキュリティ,"=HYPERLINK(""https://www.ap-siken.com/kakomon/18_aki/q79.html"",""平成18年秋期 問79"")",2024/9/5
201,×,テクノロジ系,技術要素,セキュリティ,"=HYPERLINK(""https://www.ap-siken.com/kakomon/04_haru/q38.html"",""令和4年春期 問38"")",2024/9/5
202,○,テクノロジ系,技術要素,セキュリティ,"=HYPERLINK(""https://www.ap-siken.com/kakomon/17_haru/q70.html"",""平成17年春期 問70"")",2024/9/5
203,×,テクノロジ系,技術要素,セキュリティ,"=HYPERLINK(""https://www.ap-siken.com/kakomon/30_haru/q39.html"",""平成30年春期 問39"")",2024/9/5
204,○,テクノロジ系,技術要素,セキュリティ,"=HYPERLINK(""https://www.ap-siken.com/kakomon/31_haru/q45.html"",""平成31年春期 問45"")",2024/9/5
205,○,テクノロジ系,技術要素,セキュリティ,"=HYPERLINK(""https://www.ap-siken.com/kakomon/21_aki/q42.html"",""平成21年秋期 問42"")",2024/9/5
206,×,テクノロジ系,技術要素,セキュリティ,"=HYPERLINK(""https://www.ap-siken.com/kakomon/31_haru/q36.html"",""平成31年春期 問36"")",2024/9/5
207,○,テクノロジ系,技術要素,セキュリティ,"=HYPERLINK(""https://www.ap-siken.com/kakomon/03_haru/q45.html"",""令和3年春期 問45"")",2024/9/5
208,×,テクノロジ系,技術要素,セキュリティ,"=HYPERLINK(""https://www.ap-siken.com/kakomon/06_haru/q44.html"",""令和6年春期 問44"")",2024/9/5
209,○,テクノロジ系,技術要素,セキュリティ,"=HYPERLINK(""https://www.ap-siken.com/kakomon/05_aki/q38.html"",""令和5年秋期 問38"")",2024/9/5
210,○,テクノロジ系,技術要素,セキュリティ,"=HYPERLINK(""https://www.ap-siken.com/kakomon/28_haru/q40.html"",""平成28年春期 問40"")",2024/9/5
211,○,テクノロジ系,技術要素,セキュリティ,"=HYPERLINK(""https://www.ap-siken.com/kakomon/20_haru/q75.html"",""平成20年春期 問75"")",2024/9/5
212,○,テクノロジ系,技術要素,セキュリティ,"=HYPERLINK(""https://www.ap-siken.com/kakomon/26_haru/q45.html"",""平成26年春期 問45"")",2024/9/5
213,○,テクノロジ系,技術要素,セキュリティ,"=HYPERLINK(""https://www.ap-siken.com/kakomon/26_aki/q37.html"",""平成26年秋期 問37"")",2024/9/5
214,×,テクノロジ系,技術要素,セキュリティ,"=HYPERLINK(""https://www.ap-siken.com/kakomon/05_haru/q37.html"",""令和5年春期 問37"")",2024/9/5
215,×,テクノロジ系,技術要素,セキュリティ,"=HYPERLINK(""https://www.ap-siken.com/kakomon/04_haru/q44.html"",""令和4年春期 問44"")",2024/9/5
216,○,テクノロジ系,技術要素,セキュリティ,"=HYPERLINK(""https://www.ap-siken.com/kakomon/21_haru/q41.html"",""平成21年春期 問41"")",2024/9/5
217,○,テクノロジ系,技術要素,セキュリティ,"=HYPERLINK(""https://www.ap-siken.com/kakomon/02_aki/q42.html"",""令和2年秋期 問42"")",2024/9/5
218,○,テクノロジ系,技術要素,セキュリティ,"=HYPERLINK(""https://www.ap-siken.com/kakomon/31_haru/q44.html"",""平成31年春期 問44"")",2024/9/5
219,○,テクノロジ系,技術要素,セキュリティ,"=HYPERLINK(""https://www.ap-siken.com/kakomon/28_aki/q37.html"",""平成28年秋期 問37"")",2024/9/5
220,○,テクノロジ系,技術要素,セキュリティ,"=HYPERLINK(""https://www.ap-siken.com/kakomon/17_haru/q74.html"",""平成17年春期 問74"")",2024/9/5
221,○,テクノロジ系,技術要素,セキュリティ,"=HYPERLINK(""https://www.ap-siken.com/kakomon/25_haru/q44.html"",""平成25年春期 問44"")",2024/9/5
222,○,テクノロジ系,技術要素,セキュリティ,"=HYPERLINK(""https://www.ap-siken.com/kakomon/04_aki/q45.html"",""令和4年秋期 問45"")",2024/9/5
223,○,テクノロジ系,技術要素,セキュリティ,"=HYPERLINK(""https://www.ap-siken.com/kakomon/22_haru/q41.html"",""平成22年春期 問41"")",2024/9/5
224,○,テクノロジ系,技術要素,セキュリティ,"=HYPERLINK(""https://www.ap-siken.com/kakomon/29_aki/q39.html"",""平成29年秋期 問39"")",2024/9/5
225,×,テクノロジ系,技術要素,セキュリティ,"=HYPERLINK(""https://www.ap-siken.com/kakomon/25_haru/q43.html"",""平成25年春期 問43"")",2024/9/5
226,×,テクノロジ系,技術要素,セキュリティ,"=HYPERLINK(""https://www.ap-siken.com/kakomon/22_aki/q38.html"",""平成22年秋期 問38"")",2024/9/5
227,○,テクノロジ系,技術要素,セキュリティ,"=HYPERLINK(""https://www.ap-siken.com/kakomon/26_aki/q45.html"",""平成26年秋期 問45"")",2024/9/5
228,○,テクノロジ系,技術要素,セキュリティ,"=HYPERLINK(""https://www.ap-siken.com/kakomon/30_aki/q43.html"",""平成30年秋期 問43"")",2024/9/5
229,○,テクノロジ系,技術要素,セキュリティ,"=HYPERLINK(""https://www.ap-siken.com/kakomon/30_aki/q42.html"",""平成30年秋期 問42"")",2024/9/5
230,○,テクノロジ系,技術要素,セキュリティ,"=HYPERLINK(""https://www.ap-siken.com/kakomon/22_aki/q39.html"",""平成22年秋期 問39"")",2024/9/5
231,×,テクノロジ系,技術要素,セキュリティ,"=HYPERLINK(""https://www.ap-siken.com/kakomon/06_haru/q37.html"",""令和6年春期 問37"")",2024/9/5
232,○,テクノロジ系,技術要素,セキュリティ,"=HYPERLINK(""https://www.ap-siken.com/kakomon/05_aki/q41.html"",""令和5年秋期 問41"")",2024/9/5
233,×,テクノロジ系,技術要素,セキュリティ,"=HYPERLINK(""https://www.ap-siken.com/kakomon/06_haru/q40.html"",""令和6年春期 問40"")",2024/9/5
234,○,テクノロジ系,技術要素,セキュリティ,"=HYPERLINK(""https://www.ap-siken.com/kakomon/30_aki/q39.html"",""平成30年秋期 問39"")",2024/9/5
235,○,テクノロジ系,技術要素,セキュリティ,"=HYPERLINK(""https://www.ap-siken.com/kakomon/26_haru/q36.html"",""平成26年春期 問36"")",2024/9/5
236,×,テクノロジ系,技術要素,セキュリティ,"=HYPERLINK(""https://www.ap-siken.com/kakomon/05_haru/q41.html"",""令和5年春期 問41"")",2024/9/5
237,×,テクノロジ系,技術要素,セキュリティ,"=HYPERLINK(""https://www.ap-siken.com/kakomon/05_haru/q39.html"",""令和5年春期 問39"")",2024/9/5
